{
    "actions": [
        {
            "enemies": [
                {
                    "initial": true,
                    "name": "AIEnemy_01",
                    "position": [
                        2.4984841346740723,
                        2.2791712284088135,
                        9.567269325256348
                    ],
                    "reinforcementDelay": 0,
                    "reinforcementTrigger": "",
                    "rotation": [
                        -0.11185004562139511,
                        1.8311864137649536,
                        -0.1171838641166687
                    ],
                    "scale": [
                        0.20000000298023224,
                        0.20000000298023224,
                        0.20000000298023224
                    ]
                },
                {
                    "initial": true,
                    "name": "AIEnemy_02",
                    "position": [
                        0.4379035532474518,
                        2.6526167392730713,
                        9.477068901062012
                    ],
                    "reinforcementDelay": 0,
                    "reinforcementTrigger": "",
                    "rotation": [
                        -0.0530831404030323,
                        -1.4175399541854858,
                        0.13961103558540344
                    ],
                    "scale": [
                        0.20000000298023224,
                        0.20000000298023224,
                        0.20000000298023224
                    ]
                }
            ],
            "explosion": {
                "color": [
                    1.0,
                    0.23999999463558197,
                    0.019999999552965164,
                    0.8999999761581421
                ],
                "count": 48,
                "lifeTimeMax": 0.6499999761581421,
                "lifeTimeMin": 0.3499999940395355,
                "posVariance": 0.44999998807907104,
                "scale": 0.3199999928474426,
                "scaleVariance": 0.11999999731779099,
                "speed": 0.05999999865889549,
                "speedVariance": 0.02500000037252903
            },
            "missile": {
                "ampX": 15.0,
                "ampY": 3.0,
                "ampZ": 15.0,
                "baseY": 5.0,
                "freqY": 4.0,
                "homingCollisionRadius": 0.5,
                "homingScale": 0.5,
                "homingStrength": 0.08500000089406967,
                "lifeTime": 240,
                "muzzleOffset": 0.800000011920929,
                "normalCollisionRadius": 0.30000001192092896,
                "normalLifeTime": 120,
                "normalScale": 0.30000001192092896,
                "normalSpeed": 1.5,
                "speed": 0.75,
                "trailWidth": 0.5
            },
            "name": "player1",
            "obstacles": [
                {
                    "position": [
                        -0.48639917373657227,
                        -4.046515941619873,
                        -0.6408197283744812
                    ],
                    "rotation": [
                        0.0,
                        0.0,
                        -0.0
                    ],
                    "scale": [
                        1.0,
                        1.0,
                        1.0
                    ],
                    "stageBounds": false
                },
                {
                    "position": [
                        -1.9687336683273315,
                        0.20582544803619385,
                        -0.5410853624343872
                    ],
                    "rotation": [
                        1.5707964897155762,
                        0.0,
                        -0.0
                    ],
                    "scale": [
                        0.32197511196136475,
                        0.2797301411628723,
                        0.27577927708625793
                    ],
                    "stageBounds": false
                },
                {
                    "position": [
                        3.6672041416168213,
                        -1.115983009338379,
                        2.5921106338500977
                    ],
                    "rotation": [
                        0.5664021372795105,
                        -0.7384788393974304,
                        0.1317352056503296
                    ],
                    "scale": [
                        0.9999999403953552,
                        1.0,
                        1.0
                    ],
                    "stageBounds": false
                },
                {
                    "position": [
                        0.0,
                        0.0,
                        0.0
                    ],
                    "rotation": [
                        0.0,
                        0.0,
                        -0.0
                    ],
                    "scale": [
                        28.469205856323242,
                        17.71820640563965,
                        34.86811065673828
                    ],
                    "stageBounds": true
                }
            ],
            "player": {
                "mode": 0,
                "modeParams": [
                    {
                        "maxMoveSpeed": 0.10100000351667404,
                        "moveAcceleration": 0.08399999886751175,
                        "moveDamping": 0.9800000190734863,
                        "pitchSpeed": 0.029999999329447746,
                        "rollSpeed": 0.05000000074505806,
                        "yawSpeed": 0.029999999329447746
                    },
                    {
                        "maxMoveSpeed": 0.2199999988079071,
                        "moveAcceleration": 0.017999999225139618,
                        "moveDamping": 0.8999999761581421,
                        "pitchSpeed": 0.014999999664723873,
                        "rollSpeed": 0.02500000037252903,
                        "yawSpeed": 0.014000000432133675
                    },
                    {
                        "maxMoveSpeed": 0.11999999731779099,
                        "moveAcceleration": 0.02500000037252903,
                        "moveDamping": 0.800000011920929,
                        "pitchSpeed": 0.019999999552965164,
                        "rollSpeed": 0.019999999552965164,
                        "yawSpeed": 0.019999999552965164
                    }
                ],
                "position": [
                    20.789440155029297,
                    1.129177451133728,
                    -15.61416244506836
                ],
                "rotation": [
                    2.878877878189087,
                    1.0721442699432373,
                    -3.0822267532348633
                ]
            }
        }
    ]
}